STATE,STATENAME,ST_CASE,PEDS,PERNOTMVIT,VE_TOTAL,VE_FORMS,PVH_INVL,PERSONS,PERMVIT,COUNTY,COUNTYNAME,CITY,CITYNAME,MONTH,MONTHNAME,DAY,DAYNAME,DAY_WEEK,DAY_WEEKNAME,YEAR,HOUR,HOURNAME,MINUTE,MINUTENAME,TWAY_ID,TWAY_ID2,ROUTE,ROUTENAME,RUR_URB,RUR_URBNAME,FUNC_SYS,FUNC_SYSNAME,RD_OWNER,RD_OWNERNAME,NHS,NHSNAME,SP_JUR,SP_JURNAME,MILEPT,MILEPTNAME,LATITUDE,LATITUDENAME,LONGITUD,LONGITUDNAME,HARM_EV,HARM_EVNAME,MAN_COLL,MAN_COLLNAME,RELJCT1,RELJCT1NAME,RELJCT2,RELJCT2NAME,TYP_INT,TYP_INTNAME,REL_ROAD,REL_ROADNAME,WRK_ZONE,WRK_ZONENAME,LGT_COND,LGT_CONDNAME,WEATHER,WEATHERNAME,SCH_BUS,SCH_BUSNAME,RAIL,RAILNAME,NOT_HOUR,NOT_HOURNAME,NOT_MIN,NOT_MINNAME,ARR_HOUR,ARR_HOURNAME,ARR_MIN,ARR_MINNAME,HOSP_HR,HOSP_HRNAME,HOSP_MN,HOSP_MNNAME,FATALS
27,Minnesota,270204,0,0,3,1,2,1,1,53,HENNEPIN (53),4760,MINNEAPOLIS,8,August,3,3,4,Wednesday,2022,0,0:00am-0:59am,30,30,31ST AVE S,NA,6,Local Street - Municipality,2,Urban,5,Major Collector,4,City or Municipal Highway Agency,0,This section IS NOT on the NHS,0,No Special Jurisdiction,5,5,44.94586667,44.94586667,-93.22709444,-93.22709444,18,Other Object (not fixed),0,The First Harmful Event was Not a Collision with a Motor Vehicle in Transport,0,No,1,Non-Junction,1,Not an Intersection,1,On Roadway,0,None,3,Dark - Lighted,2,Rain,0,No,0000000,Not Applicable,0,0:00am-0:59am,30,30,0,0:00am-0:59am,36,36,88,Not Applicable (Not Transported),88,Not Applicable (Not Transported),1
27,Minnesota,270205,0,0,1,1,0,1,1,41,DOUGLAS (41),0,NOT APPLICABLE,7,July,27,27,4,Wednesday,2022,18,6:00pm-6:59pm,54,54,I-94,NA,1,Interstate,1,Rural,1,Interstate,1,State Highway Agency,1,This section IS ON the NHS,0,No Special Jurisdiction,921,921,45.92902778,45.92902778,-95.57311111,-95.57311111,1,Rollover/Overturn,0,The First Harmful Event was Not a Collision with a Motor Vehicle in Transport,0,No,1,Non-Junction,1,Not an Intersection,1,On Roadway,0,None,1,Daylight,1,Clear,0,No,0000000,Not Applicable,18,6:00pm-6:59pm,54,54,18,6:00pm-6:59pm,55,55,20,8:00pm-8:59pm,15,15,1
27,Minnesota,270206,0,0,1,1,0,1,1,139,SCOTT (139),6510,SHAKOPEE,7,July,10,10,1,Sunday,2022,19,7:00pm-7:59pm,5,5,US-169,NA,2,US Highway,2,Urban,2,Principal Arterial - Other Freeways and Expressways,1,State Highway Agency,1,This section IS ON the NHS,0,No Special Jurisdiction,1147,1147,44.78963333,44.78963333,-93.40431944,-93.40431944,24,Guardrail Face,0,The First Harmful Event was Not a Collision with a Motor Vehicle in Transport,1,Yes,5,Entrance/Exit Ramp Related,1,Not an Intersection,4,On Roadside,0,None,1,Daylight,1,Clear,0,No,0000000,Not Applicable,19,7:00pm-7:59pm,5,5,19,7:00pm-7:59pm,10,10,19,7:00pm-7:59pm,44,44,1
27,Minnesota,270207,0,0,1,1,0,1,1,13,BLUE EARTH (13),3900,LAKE CRYSTAL,8,August,4,4,5,Thursday,2022,2,2:00am-2:59am,30,30,CR-9,NA,4,County Road,1,Rural,5,Major Collector,2,County Highway Agency,0,This section IS NOT on the NHS,0,No Special Jurisdiction,7,7,44.101425,44.101425,-94.2043,-94.2043,30,Utility Pole/Light Support,0,The First Harmful Event was Not a Collision with a Motor Vehicle in Transport,0,No,1,Non-Junction,1,Not an Intersection,4,On Roadside,0,None,2,Dark - Not Lighted,1,Clear,0,No,0000000,Not Applicable,2,2:00am-2:59am,35,35,2,2:00am-2:59am,45,45,88,Not Applicable (Not Transported),88,Not Applicable (Not Transported),1
27,Minnesota,270208,0,0,1,1,0,1,1,83,LYON (83),0,NOT APPLICABLE,7,July,30,30,7,Saturday,2022,22,10:00pm-10:59pm,13,13,SR-23,NA,3,State Highway,1,Rural,3,Principal Arterial - Other,1,State Highway Agency,1,This section IS ON the NHS,0,No Special Jurisdiction,553,553,44.26839722,44.26839722,-96.00732222,-96.00732222,34,Ditch,0,The First Harmful Event was Not a Collision with a Motor Vehicle in Transport,0,No,1,Non-Junction,1,Not an Intersection,4,On Roadside,0,None,2,Dark - Not Lighted,10,Cloudy,0,No,0000000,Not Applicable,22,10:00pm-10:59pm,52,52,22,10:00pm-10:59pm,32,32,23,11:00pm-11:59pm,13,13,1
27,Minnesota,270209,0,0,1,1,0,2,2,37,DAKOTA (37),4673,MENDOTA HEIGHTS,8,August,5,5,6,Friday,2022,14,2:00pm-2:59pm,47,47,SR-62,NA,3,State Highway,8,Not Reported,98,Not Reported,98,Not Reported,9,Unknown if this section is on the NHS,0,No Special Jurisdiction,1493,1493,44.88373889,44.88373889,-93.12811389,-93.12811389,42,Tree (Standing Only),0,The First Harmful Event was Not a Collision with a Motor Vehicle in Transport,0,No,1,Non-Junction,1,Not an Intersection,4,On Roadside,0,None,1,Daylight,1,Clear,0,No,0000000,Not Applicable,14,2:00pm-2:59pm,47,47,15,3:00pm-3:59pm,5,5,15,3:00pm-3:59pm,40,40,1
27,Minnesota,270210,0,0,2,2,0,2,2,35,CROW WING (35),0,NOT APPLICABLE,8,August,6,6,7,Saturday,2022,9,9:00am-9:59am,36,36,SR-210,CR-32,3,State Highway,1,Rural,3,Principal Arterial - Other,1,State Highway Agency,1,This section IS ON the NHS,0,No Special Jurisdiction,1451,1451,46.50915278,46.50915278,-93.83294167,-93.83294167,12,Motor Vehicle In-Transport,2,Front-to-Front,0,No,2,Intersection,2,Four-Way Intersection,1,On Roadway,0,None,1,Daylight,10,Cloudy,0,No,0000000,Not Applicable,9,9:00am-9:59am,39,39,9,9:00am-9:59am,45,45,99,Unknown,99,Unknown EMS Hospital Arrival Time,1
27,Minnesota,270211,0,0,2,2,0,2,2,35,CROW WING (35),5240,NISSWA,8,August,6,6,7,Saturday,2022,18,6:00pm-6:59pm,48,48,SR-371,NASHWAY RD,3,State Highway,1,Rural,3,Principal Arterial - Other,1,State Highway Agency,1,This section IS ON the NHS,0,No Special Jurisdiction,369,369,46.47071667,46.47071667,-94.29341944,-94.29341944,12,Motor Vehicle In-Transport,6,Angle,0,No,2,Intersection,2,Four-Way Intersection,1,On Roadway,0,None,1,Daylight,1,Clear,0,No,0000000,Not Applicable,18,6:00pm-6:59pm,48,48,19,7:00pm-7:59pm,2,2,88,Not Applicable (Not Transported),88,Not Applicable (Not Transported),1
27,Minnesota,270212,0,0,4,4,0,7,7,27,CLAY (27),0,NOT APPLICABLE,7,July,14,14,5,Thursday,2022,10,10:00am-10:59am,3,3,I-94,NA,1,Interstate,2,Urban,1,Interstate,1,State Highway Agency,1,This section IS ON the NHS,0,No Special Jurisdiction,40,40,46.84735278,46.84735278,-96.69592222,-96.69592222,12,Motor Vehicle In-Transport,1,Front-to-Rear,0,No,1,Non-Junction,1,Not an Intersection,1,On Roadway,0,None,1,Daylight,1,Clear,0,No,0000000,Not Applicable,10,10:00am-10:59am,4,4,10,10:00am-10:59am,14,14,10,10:00am-10:59am,30,30,1
27,Minnesota,270213,0,0,1,1,0,1,1,123,RAMSEY (123),5320,NORTH ST PAUL,8,August,10,10,4,Wednesday,2022,18,6:00pm-6:59pm,42,42,SR-36,NA,3,State Highway,2,Urban,2,Principal Arterial - Other Freeways and Expressways,1,State Highway Agency,1,This section IS ON the NHS,0,No Special Jurisdiction,94,94,45.012275,45.012275,-93.00314167,-93.00314167,24,Guardrail Face,0,The First Harmful Event was Not a Collision with a Motor Vehicle in Transport,0,No,1,Non-Junction,1,Not an Intersection,3,On Median,0,None,1,Daylight,1,Clear,0,No,0000000,Not Applicable,0,0:00am-0:59am,56,56,1,1:00am-1:59am,8,8,88,Not Applicable (Not Transported),88,Not Applicable (Not Transported),1
27,Minnesota,270214,0,0,2,2,0,5,5,67,KANDIYOHI (67),0,NOT APPLICABLE,8,August,4,4,5,Thursday,2022,17,5:00pm-5:59pm,50,50,SR-40 15TH AVE SW,CR-7,3,State Highway,1,Rural,4,Minor Arterial,1,State Highway Agency,0,This section IS NOT on the NHS,0,No Special Jurisdiction,657,657,45.10924722,45.10924722,-95.22706667,-95.22706667,12,Motor Vehicle In-Transport,6,Angle,0,No,2,Intersection,2,Four-Way Intersection,1,On Roadway,0,None,1,Daylight,1,Clear,0,No,0000000,Not Applicable,17,5:00pm-5:59pm,52,52,18,6:00pm-6:59pm,5,5,18,6:00pm-6:59pm,38,38,3
27,Minnesota,270215,0,0,2,2,0,6,6,53,HENNEPIN (53),4760,MINNEAPOLIS,7,July,15,15,6,Friday,2022,16,4:00pm-4:59pm,34,34,CR-57 HUMBOLDT AVE N,53RD AVE N,4,County Road,2,Urban,5,Major Collector,2,County Highway Agency,0,This section IS NOT on the NHS,0,No Special Jurisdiction,11,11,45.051125,45.051125,-93.29917222,-93.29917222,12,Motor Vehicle In-Transport,6,Angle,0,No,2,Intersection,2,Four-Way Intersection,1,On Roadway,0,None,1,Daylight,1,Clear,0,No,0000000,Not Applicable,16,4:00pm-4:59pm,38,38,16,4:00pm-4:59pm,41,41,17,5:00pm-5:59pm,2,2,1
27,Minnesota,270216,0,0,2,2,0,2,2,49,GOODHUE (49),0,NOT APPLICABLE,8,August,10,10,4,Wednesday,2022,8,8:00am-8:59am,48,48,SR-60,CR-1,3,State Highway,1,Rural,4,Minor Arterial,1,State Highway Agency,0,This section IS NOT on the NHS,0,No Special Jurisdiction,1714,1714,44.28361667,44.28361667,-92.87162222,-92.87162222,12,Motor Vehicle In-Transport,6,Angle,0,No,2,Intersection,2,Four-Way Intersection,1,On Roadway,0,None,1,Daylight,1,Clear,0,No,0000000,Not Applicable,8,8:00am-8:59am,48,48,9,9:00am-9:59am,1,1,88,Not Applicable (Not Transported),88,Not Applicable (Not Transported),1
27,Minnesota,270217,0,0,1,1,0,1,1,137,ST LOUIS (137),0,NOT APPLICABLE,8,August,7,7,1,Sunday,2022,0,0:00am-0:59am,46,46,CR-5,NA,4,County Road,1,Rural,5,Major Collector,2,County Highway Agency,0,This section IS NOT on the NHS,0,No Special Jurisdiction,326,326,47.37596111,47.37596111,-92.81045556,-92.81045556,42,Tree (Standing Only),0,The First Harmful Event was Not a Collision with a Motor Vehicle in Transport,0,No,1,Non-Junction,1,Not an Intersection,4,On Roadside,0,None,6,Dark - Unknown Lighting,1,Clear,0,No,0000000,Not Applicable,0,0:00am-0:59am,46,46,1,1:00am-1:59am,0,0,88,Not Applicable (Not Transported),88,Not Applicable (Not Transported),1
27,Minnesota,270218,0,0,1,1,0,1,1,57,HUBBARD (57),0,NOT APPLICABLE,7,July,30,30,7,Saturday,2022,21,9:00pm-9:59pm,29,29,SR-200,NA,3,State Highway,1,Rural,4,Minor Arterial,1,State Highway Agency,0,This section IS NOT on the NHS,0,No Special Jurisdiction,1053,1053,47.23419444,47.23419444,-94.8768,-94.8768,1,Rollover/Overturn,0,The First Harmful Event was Not a Collision with a Motor Vehicle in Transport,0,No,1,Non-Junction,1,Not an Intersection,4,On Roadside,0,None,2,Dark - Not Lighted,1,Clear,0,No,0000000,Not Applicable,99,Unknown,98,Unknown if Notified,99,Unknown EMS Scene Arrival Hour,98,Unknown if Arrived,88,Not Applicable (Not Transported),88,Not Applicable (Not Transported),1
27,Minnesota,270219,0,0,2,2,0,2,2,137,ST LOUIS (137),0,NOT APPLICABLE,8,August,12,12,6,Friday,2022,23,11:00pm-11:59pm,31,31,CR-21,NA,4,County Road,1,Rural,4,Minor Arterial,2,County Highway Agency,0,This section IS NOT on the NHS,0,No Special Jurisdiction,80,80,47.658575,47.658575,-92.26901667,-92.26901667,12,Motor Vehicle In-Transport,6,Angle,0,No,1,Non-Junction,1,Not an Intersection,1,On Roadway,0,None,2,Dark - Not Lighted,10,Cloudy,0,No,0000000,Not Applicable,23,11:00pm-11:59pm,31,31,23,11:00pm-11:59pm,40,40,88,Not Applicable (Not Transported),88,Not Applicable (Not Transported),1
27,Minnesota,270220,0,0,1,1,0,3,3,25,CHISAGO (25),7790,WYOMING,8,August,12,12,6,Friday,2022,12,12:00pm-12:59pm,10,10,I-35,NA,1,Interstate,2,Urban,1,Interstate,1,State Highway Agency,1,This section IS ON the NHS,0,No Special Jurisdiction,1372,1372,45.35533333,45.35533333,-92.99865,-92.99865,24,Guardrail Face,0,The First Harmful Event was Not a Collision with a Motor Vehicle in Transport,0,No,1,Non-Junction,1,Not an Intersection,4,On Roadside,0,None,1,Daylight,10,Cloudy,0,No,0000000,Not Applicable,12,12:00pm-12:59pm,15,15,12,12:00pm-12:59pm,20,20,99,Unknown,99,Unknown EMS Hospital Arrival Time,1
27,Minnesota,270221,0,0,1,1,0,1,1,37,DAKOTA (37),0,NOT APPLICABLE,6,June,9,9,5,Thursday,2022,15,3:00pm-3:59pm,9,9,SR-316,NA,3,State Highway,1,Rural,3,Principal Arterial - Other,1,State Highway Agency,1,This section IS ON the NHS,0,No Special Jurisdiction,33,33,44.64778056,44.64778056,-92.7722,-92.7722,24,Guardrail Face,0,The First Harmful Event was Not a Collision with a Motor Vehicle in Transport,0,No,1,Non-Junction,1,Not an Intersection,4,On Roadside,0,None,1,Daylight,1,Clear,0,No,0000000,Not Applicable,15,3:00pm-3:59pm,9,9,15,3:00pm-3:59pm,15,15,15,3:00pm-3:59pm,55,55,1
27,Minnesota,270222,0,0,1,1,0,1,1,137,ST LOUIS (137),0,NOT APPLICABLE,8,August,14,14,1,Sunday,2022,18,6:00pm-6:59pm,29,29,US-53,NA,2,US Highway,1,Rural,3,Principal Arterial - Other,1,State Highway Agency,1,This section IS ON the NHS,0,No Special Jurisdiction,870,870,47.74921667,47.74921667,-92.64878333,-92.64878333,1,Rollover/Overturn,0,The First Harmful Event was Not a Collision with a Motor Vehicle in Transport,0,No,1,Non-Junction,1,Not an Intersection,4,On Roadside,0,None,1,Daylight,1,Clear,0,No,0000000,Not Applicable,18,6:00pm-6:59pm,29,29,18,6:00pm-6:59pm,42,42,88,Not Applicable (Not Transported),88,Not Applicable (Not Transported),1
27,Minnesota,270223,0,0,1,1,0,1,1,49,GOODHUE (49),5840,RED WING,8,August,14,14,1,Sunday,2022,23,11:00pm-11:59pm,20,20,US-63,NA,2,US Highway,2,Urban,3,Principal Arterial - Other,1,State Highway Agency,1,This section IS ON the NHS,0,No Special Jurisdiction,956,956,44.56755556,44.56755556,-92.52989167,-92.52989167,25,Concrete Traffic Barrier,0,The First Harmful Event was Not a Collision with a Motor Vehicle in Transport,1,Yes,5,Entrance/Exit Ramp Related,1,Not an Intersection,8,Gore,0,None,3,Dark - Lighted,1,Clear,0,No,0000000,Not Applicable,23,11:00pm-11:59pm,20,20,23,11:00pm-11:59pm,24,24,88,Not Applicable (Not Transported),88,Not Applicable (Not Transported),1
27,Minnesota,270225,0,0,2,2,0,2,2,65,KANABEC (65),0,NOT APPLICABLE,6,June,10,10,6,Friday,2022,14,2:00pm-2:59pm,10,10,SR-47,110TH AVE,3,State Highway,1,Rural,4,Minor Arterial,1,State Highway Agency,0,This section IS NOT on the NHS,0,No Special Jurisdiction,613,613,45.74585278,45.74585278,-93.40976667,-93.40976667,12,Motor Vehicle In-Transport,6,Angle,0,No,2,Intersection,2,Four-Way Intersection,1,On Roadway,0,None,1,Daylight,1,Clear,0,No,0000000,Not Applicable,99,Unknown,99,Unknown,99,Unknown EMS Scene Arrival Hour,99,Unknown EMS Scene Arrival Minutes,99,Unknown,99,Unknown EMS Hospital Arrival Time,1
27,Minnesota,270226,0,0,2,2,0,2,2,171,WRIGHT (171),0,NOT APPLICABLE,8,August,12,12,6,Friday,2022,21,9:00pm-9:59pm,55,55,CR-3,NA,4,County Road,1,Rural,5,Major Collector,2,County Highway Agency,0,This section IS NOT on the NHS,0,No Special Jurisdiction,44,44,45.04069167,45.04069167,-94.18504167,-94.18504167,12,Motor Vehicle In-Transport,2,Front-to-Front,0,No,1,Non-Junction,1,Not an Intersection,1,On Roadway,0,None,2,Dark - Not Lighted,1,Clear,0,No,0000000,Not Applicable,21,9:00pm-9:59pm,58,58,22,10:00pm-10:59pm,10,10,88,Not Applicable (Not Transported),88,Not Applicable (Not Transported),2
27,Minnesota,270227,0,0,3,3,0,3,3,53,HENNEPIN (53),820,BROOKLYN CENTER,8,August,21,21,1,Sunday,2022,18,6:00pm-6:59pm,10,10,I-694,NA,1,Interstate,2,Urban,1,Interstate,1,State Highway Agency,1,This section IS ON the NHS,0,No Special Jurisdiction,358,358,45.06941389,45.06941389,-93.28387222,-93.28387222,12,Motor Vehicle In-Transport,6,Angle,1,Yes,5,Entrance/Exit Ramp Related,1,Not an Intersection,1,On Roadway,0,None,1,Daylight,1,Clear,0,No,0000000,Not Applicable,18,6:00pm-6:59pm,11,11,99,Unknown EMS Scene Arrival Hour,99,Unknown EMS Scene Arrival Minutes,99,Unknown,99,Unknown EMS Hospital Arrival Time,1
27,Minnesota,270228,0,0,1,1,0,1,1,37,DAKOTA (37),1945,EAGAN,8,August,17,17,4,Wednesday,2022,2,2:00am-2:59am,7,7,SR-149 DODD RD,OPPERMAN DR,3,State Highway,2,Urban,4,Minor Arterial,1,State Highway Agency,0,This section IS NOT on the NHS,0,No Special Jurisdiction,15,15,44.82794167,44.82794167,-93.11271944,-93.11271944,46,Traffic Signal Support,0,The First Harmful Event was Not a Collision with a Motor Vehicle in Transport,0,No,3,Intersection-Related,2,Four-Way Intersection,12,Pedestrian Refuge Island or Traffic Island,0,None,3,Dark - Lighted,10,Cloudy,0,No,0000000,Not Applicable,2,2:00am-2:59am,8,8,2,2:00am-2:59am,12,12,88,Not Applicable (Not Transported),88,Not Applicable (Not Transported),1
27,Minnesota,270229,0,0,1,1,0,2,2,109,OLMSTED (109),0,NOT APPLICABLE,8,August,14,14,1,Sunday,2022,12,12:00pm-12:59pm,0,0,CR-14,NA,4,County Road,1,Rural,6,Minor Collector,2,County Highway Agency,0,This section IS NOT on the NHS,0,No Special Jurisdiction,40,40,44.10971667,44.10971667,-92.59793333,-92.59793333,1,Rollover/Overturn,0,The First Harmful Event was Not a Collision with a Motor Vehicle in Transport,0,No,1,Non-Junction,1,Not an Intersection,2,On Shoulder,0,None,1,Daylight,1,Clear,0,No,0000000,Not Applicable,12,12:00pm-12:59pm,0,0,12,12:00pm-12:59pm,10,10,12,12:00pm-12:59pm,30,30,1
27,Minnesota,270230,0,0,1,1,0,1,1,41,DOUGLAS (41),0,NOT APPLICABLE,8,August,16,16,3,Tuesday,2022,19,7:00pm-7:59pm,46,46,WILD ROSE LA,NA,5,Local Street - Township,1,Rural,7,Local,3,Town or Township Highway Agency,0,This section IS NOT on the NHS,0,No Special Jurisdiction,4,4,45.83633611,45.83633611,-95.52041111,-95.52041111,42,Tree (Standing Only),0,The First Harmful Event was Not a Collision with a Motor Vehicle in Transport,0,No,1,Non-Junction,1,Not an Intersection,4,On Roadside,0,None,1,Daylight,1,Clear,0,No,0000000,Not Applicable,19,7:00pm-7:59pm,46,46,19,7:00pm-7:59pm,54,54,88,Not Applicable (Not Transported),88,Not Applicable (Not Transported),1
27,Minnesota,270231,0,0,1,1,0,1,1,123,RAMSEY (123),6330,ST. PAUL,8,August,15,15,2,Monday,2022,23,11:00pm-11:59pm,17,17,SR-280,NA,3,State Highway,2,Urban,2,Principal Arterial - Other Freeways and Expressways,1,State Highway Agency,1,This section IS ON the NHS,0,No Special Jurisdiction,3,3,44.96039722,44.96039722,-93.20159167,-93.20159167,24,Guardrail Face,0,The First Harmful Event was Not a Collision with a Motor Vehicle in Transport,1,Yes,5,Entrance/Exit Ramp Related,1,Not an Intersection,4,On Roadside,0,None,3,Dark - Lighted,1,Clear,0,No,0000000,Not Applicable,23,11:00pm-11:59pm,20,20,23,11:00pm-11:59pm,28,28,88,Not Applicable (Not Transported),88,Not Applicable (Not Transported),1
27,Minnesota,270232,1,1,1,1,0,1,1,139,SCOTT (139),5770,PRIOR LAKE,8,August,22,22,2,Monday,2022,19,7:00pm-7:59pm,51,51,ORION RD,DAKOTA TRL NW,6,Local Street - Municipality,2,Urban,7,Local,50,Indian Tribe Nation,0,This section IS NOT on the NHS,0,No Special Jurisdiction,3,3,44.72914722,44.72914722,-93.46478056,-93.46478056,9,Pedalcyclist,0,The First Harmful Event was Not a Collision with a Motor Vehicle in Transport,0,No,2,Intersection,2,Four-Way Intersection,1,On Roadway,0,None,1,Daylight,1,Clear,0,No,0000000,Not Applicable,19,7:00pm-7:59pm,51,51,19,7:00pm-7:59pm,54,54,20,8:00pm-8:59pm,10,10,1
27,Minnesota,270234,0,0,2,2,0,2,2,53,HENNEPIN (53),4760,MINNEAPOLIS,8,August,23,23,3,Tuesday,2022,23,11:00pm-11:59pm,19,19,CR-25 PORTLAND AVE S,E 38TH ST,4,County Road,2,Urban,4,Minor Arterial,2,County Highway Agency,0,This section IS NOT on the NHS,0,No Special Jurisdiction,99999,Unknown,44.93413333,44.93413333,-93.26754444,-93.26754444,12,Motor Vehicle In-Transport,6,Angle,0,No,2,Intersection,2,Four-Way Intersection,1,On Roadway,0,None,3,Dark - Lighted,1,Clear,0,No,0000000,Not Applicable,23,11:00pm-11:59pm,22,22,23,11:00pm-11:59pm,40,40,23,11:00pm-11:59pm,50,50,2
27,Minnesota,270235,0,0,1,1,0,1,1,97,MORRISON (97),0,NOT APPLICABLE,7,July,3,3,1,Sunday,2022,20,8:00pm-8:59pm,43,43,203RD ST,NA,5,Local Street - Township,1,Rural,7,Local,3,Town or Township Highway Agency,0,This section IS NOT on the NHS,0,No Special Jurisdiction,35,35,46.05543333,46.05543333,-94.052725,-94.052725,1,Rollover/Overturn,0,The First Harmful Event was Not a Collision with a Motor Vehicle in Transport,0,No,1,Non-Junction,1,Not an Intersection,4,On Roadside,0,None,1,Daylight,1,Clear,0,No,0000000,Not Applicable,20,8:00pm-8:59pm,43,43,20,8:00pm-8:59pm,43,43,88,Not Applicable (Not Transported),88,Not Applicable (Not Transported),1
27,Minnesota,270236,0,0,7,7,0,8,8,53,HENNEPIN (53),5990,ROGERS,8,August,22,22,2,Monday,2022,14,2:00pm-2:59pm,54,54,I-94,NA,1,Interstate,2,Urban,1,Interstate,1,State Highway Agency,1,This section IS ON the NHS,0,No Special Jurisdiction,2088,2088,45.19154167,45.19154167,-93.54619444,-93.54619444,12,Motor Vehicle In-Transport,1,Front-to-Rear,0,No,1,Non-Junction,1,Not an Intersection,1,On Roadway,0,None,1,Daylight,1,Clear,0,No,0000000,Not Applicable,14,2:00pm-2:59pm,58,58,15,3:00pm-3:59pm,5,5,15,3:00pm-3:59pm,53,53,1
27,Minnesota,270237,1,1,2,2,0,3,3,123,RAMSEY (123),6330,ST. PAUL,8,August,20,20,7,Saturday,2022,3,3:00am-3:59am,28,28,I-94,NA,1,Interstate,2,Urban,1,Interstate,1,State Highway Agency,1,This section IS ON the NHS,0,No Special Jurisdiction,2372,2372,44.95969444,44.95969444,-93.201986110000007,-93.201986110000007,8,Pedestrian,0,The First Harmful Event was Not a Collision with a Motor Vehicle in Transport,1,Yes,18,Through Roadway,1,Not an Intersection,1,On Roadway,0,None,3,Dark - Lighted,1,Clear,0,No,0000000,Not Applicable,3,3:00am-3:59am,29,29,3,3:00am-3:59am,37,37,88,Not Applicable (Not Transported),88,Not Applicable (Not Transported),1
27,Minnesota,270238,0,0,1,1,0,2,2,163,WASHINGTON (163),5150,NEWPORT,8,August,26,26,6,Friday,2022,18,6:00pm-6:59pm,23,23,US-61,NA,2,US Highway,2,Urban,2,Principal Arterial - Other Freeways and Expressways,1,State Highway Agency,1,This section IS ON the NHS,0,No Special Jurisdiction,1297,1297,44.883525,44.883525,-93.00294722,-93.00294722,1,Rollover/Overturn,0,The First Harmful Event was Not a Collision with a Motor Vehicle in Transport,1,Yes,5,Entrance/Exit Ramp Related,1,Not an Intersection,4,On Roadside,0,None,1,Daylight,1,Clear,0,No,0000000,Not Applicable,18,6:00pm-6:59pm,23,23,18,6:00pm-6:59pm,27,27,88,Not Applicable (Not Transported),88,Not Applicable (Not Transported),2
27,Minnesota,270239,0,0,2,2,0,7,7,3,ANOKA (3),3007,HAM LAKE,8,August,28,28,1,Sunday,2022,15,3:00pm-3:59pm,10,10,CR-116 BUNKER LAKE BLVD,NA,4,County Road,2,Urban,4,Minor Arterial,2,County Highway Agency,0,This section IS NOT on the NHS,0,No Special Jurisdiction,110,110,45.21888056,45.21888056,-93.26460556,-93.26460556,12,Motor Vehicle In-Transport,8,Sideswipe - Opposite Direction,0,No,1,Non-Junction,1,Not an Intersection,1,On Roadway,0,None,1,Daylight,1,Clear,0,No,0000000,Not Applicable,15,3:00pm-3:59pm,10,10,16,4:00pm-4:59pm,35,35,17,5:00pm-5:59pm,30,30,3
27,Minnesota,270240,0,0,1,1,0,1,1,61,ITASCA (61),0,NOT APPLICABLE,8,August,16,16,3,Tuesday,2022,16,4:00pm-4:59pm,56,56,SR-6,NA,3,State Highway,1,Rural,5,Major Collector,1,State Highway Agency,0,This section IS NOT on the NHS,0,No Special Jurisdiction,1082,1082,47.67251667,47.67251667,-93.77375278,-93.77375278,42,Tree (Standing Only),0,The First Harmful Event was Not a Collision with a Motor Vehicle in Transport,0,No,1,Non-Junction,1,Not an Intersection,4,On Roadside,0,None,1,Daylight,2,Rain,0,No,0000000,Not Applicable,16,4:00pm-4:59pm,56,56,17,5:00pm-5:59pm,14,14,99,Unknown,96,Terminated Transport,1
27,Minnesota,270242,0,0,2,2,0,5,5,17,CARLTON (17),1370,CLOQUET,8,August,29,29,2,Monday,2022,23,11:00pm-11:59pm,5,5,CARLTON AVE,22ND ST,6,Local Street - Municipality,2,Urban,5,Major Collector,4,City or Municipal Highway Agency,0,This section IS NOT on the NHS,0,No Special Jurisdiction,12,12,46.717775,46.717775,-92.438647219999993,-92.438647219999993,12,Motor Vehicle In-Transport,6,Angle,0,No,2,Intersection,2,Four-Way Intersection,1,On Roadway,0,None,3,Dark - Lighted,1,Clear,0,No,0000000,Not Applicable,23,11:00pm-11:59pm,8,8,23,11:00pm-11:59pm,9,9,23,11:00pm-11:59pm,30,30,1
27,Minnesota,270243,1,1,1,1,0,1,1,53,HENNEPIN (53),820,BROOKLYN CENTER,8,August,30,30,3,Tuesday,2022,21,9:00pm-9:59pm,53,53,HUMBOLDT AVE,NA,6,Local Street - Municipality,2,Urban,5,Major Collector,4,City or Municipal Highway Agency,0,This section IS NOT on the NHS,0,No Special Jurisdiction,4,4,45.07953611,45.07953611,-93.30013889,-93.30013889,8,Pedestrian,0,The First Harmful Event was Not a Collision with a Motor Vehicle in Transport,0,No,1,Non-Junction,1,Not an Intersection,1,On Roadway,0,None,2,Dark - Not Lighted,1,Clear,0,No,0000000,Not Applicable,21,9:00pm-9:59pm,55,55,21,9:00pm-9:59pm,59,59,22,10:00pm-10:59pm,17,17,1