STATE,STATENAME,ST_CASE,PEDS,PERNOTMVIT,VE_TOTAL,VE_FORMS,PVH_INVL,PERSONS,PERMVIT,COUNTY,COUNTYNAME,CITY,CITYNAME,MONTH,MONTHNAME,DAY,DAYNAME,DAY_WEEK,DAY_WEEKNAME,YEAR,HOUR,HOURNAME,MINUTE,MINUTENAME,TWAY_ID,TWAY_ID2,ROUTE,ROUTENAME,RUR_URB,RUR_URBNAME,FUNC_SYS,FUNC_SYSNAME,RD_OWNER,RD_OWNERNAME,NHS,NHSNAME,SP_JUR,SP_JURNAME,MILEPT,MILEPTNAME,LATITUDE,LATITUDENAME,LONGITUD,LONGITUDNAME,HARM_EV,HARM_EVNAME,MAN_COLL,MAN_COLLNAME,RELJCT1,RELJCT1NAME,RELJCT2,RELJCT2NAME,TYP_INT,TYP_INTNAME,REL_ROAD,REL_ROADNAME,WRK_ZONE,WRK_ZONENAME,LGT_COND,LGT_CONDNAME,WEATHER,WEATHERNAME,SCH_BUS,SCH_BUSNAME,RAIL,RAILNAME,NOT_HOUR,NOT_HOURNAME,NOT_MIN,NOT_MINNAME,ARR_HOUR,ARR_HOURNAME,ARR_MIN,ARR_MINNAME,HOSP_HR,HOSP_HRNAME,HOSP_MN,HOSP_MNNAME,FATALS
27,Minnesota,270244,0,0,2,2,0,2,2,3,ANOKA (3),671,BLAINE,8,August,30,30,3,Tuesday,2022,20,8:00pm-8:59pm,33,33,119TH AVE NE,NA,6,Local Street - Municipality,2,Urban,5,Major Collector,4,City or Municipal Highway Agency,0,This section IS NOT on the NHS,0,No Special Jurisdiction,21,21,45.18631667,45.18631667,-93.22551944,-93.22551944,12,Motor Vehicle In-Transport,11,Other,0,No,1,Non-Junction,1,Not an Intersection,1,On Roadway,0,None,3,Dark - Lighted,1,Clear,0,No,0000000,Not Applicable,20,8:00pm-8:59pm,34,34,20,8:00pm-8:59pm,39,39,21,9:00pm-9:59pm,9,9,1
27,Minnesota,270245,0,0,2,2,0,3,3,129,RENVILLE (129),0,NOT APPLICABLE,8,August,28,28,1,Sunday,2022,12,12:00pm-12:59pm,46,46,CR-1,CR-4,4,County Road,1,Rural,5,Major Collector,2,County Highway Agency,0,This section IS NOT on the NHS,0,No Special Jurisdiction,75,75,44.67234167,44.67234167,-95.09654167,-95.09654167,12,Motor Vehicle In-Transport,6,Angle,0,No,2,Intersection,2,Four-Way Intersection,1,On Roadway,0,None,1,Daylight,1,Clear,0,No,0000000,Not Applicable,12,12:00pm-12:59pm,50,50,13,1:00pm-1:59pm,1,1,14,2:00pm-2:59pm,23,23,1
27,Minnesota,270246,0,0,2,2,0,4,4,115,PINE (115),0,NOT APPLICABLE,8,August,30,30,3,Tuesday,2022,17,5:00pm-5:59pm,42,42,BADGER RD,NA,5,Local Street - Township,1,Rural,7,Local,3,Town or Township Highway Agency,0,This section IS NOT on the NHS,3,Indian Reservation,4,4,46.06071389,46.06071389,-92.47167222,-92.47167222,12,Motor Vehicle In-Transport,6,Angle,0,No,8,Driveway Access Related,1,Not an Intersection,1,On Roadway,0,None,1,Daylight,1,Clear,0,No,0000000,Not Applicable,17,5:00pm-5:59pm,45,45,18,6:00pm-6:59pm,5,5,88,Not Applicable (Not Transported),88,Not Applicable (Not Transported),1
27,Minnesota,270247,0,0,2,2,0,2,2,21,CASS (21),0,NOT APPLICABLE,8,August,30,30,3,Tuesday,2022,13,1:00pm-1:59pm,38,38,SR-MNTH 210,NA,3,State Highway,1,Rural,3,Principal Arterial - Other,1,State Highway Agency,1,This section IS ON the NHS,0,No Special Jurisdiction,1038,1038,46.34067222,46.34067222,-94.58908611,-94.58908611,12,Motor Vehicle In-Transport,2,Front-to-Front,0,No,1,Non-Junction,1,Not an Intersection,1,On Roadway,0,None,1,Daylight,1,Clear,0,No,0000000,Not Applicable,13,1:00pm-1:59pm,41,41,13,1:00pm-1:59pm,50,50,14,2:00pm-2:59pm,51,51,1
27,Minnesota,270248,0,0,1,1,0,1,1,37,DAKOTA (37),956,BURNSVILLE,8,August,16,16,3,Tuesday,2022,23,11:00pm-11:59pm,21,21,I-35W,NA,1,Interstate,2,Urban,1,Interstate,1,State Highway Agency,1,This section IS ON the NHS,0,No Special Jurisdiction,35,35,44.78659167,44.78659167,-93.2886,-93.2886,1,Rollover/Overturn,0,The First Harmful Event was Not a Collision with a Motor Vehicle in Transport,0,No,1,Non-Junction,1,Not an Intersection,8,Gore,0,None,3,Dark - Lighted,1,Clear,0,No,0000000,Not Applicable,23,11:00pm-11:59pm,23,23,23,11:00pm-11:59pm,31,31,99,Unknown,99,Unknown EMS Hospital Arrival Time,1
27,Minnesota,270249,0,0,1,1,0,1,1,171,WRIGHT (171),0,NOT APPLICABLE,8,August,28,28,1,Sunday,2022,13,1:00pm-1:59pm,0,0,CR-14 DAGUE AVE SE,NA,4,County Road,1,Rural,5,Major Collector,2,County Highway Agency,0,This section IS NOT on the NHS,0,No Special Jurisdiction,3,3,45.11216667,45.11216667,-93.82755,-93.82755,42,Tree (Standing Only),0,The First Harmful Event was Not a Collision with a Motor Vehicle in Transport,0,No,1,Non-Junction,1,Not an Intersection,5,Outside Trafficway,0,None,1,Daylight,1,Clear,0,No,0000000,Not Applicable,13,1:00pm-1:59pm,43,43,13,1:00pm-1:59pm,43,43,88,Not Applicable (Not Transported),88,Not Applicable (Not Transported),1
27,Minnesota,270250,0,0,2,2,0,4,4,53,HENNEPIN (53),675,BLOOMINGTON,8,August,27,27,7,Saturday,2022,17,5:00pm-5:59pm,22,22,CR-1 OLD SHAKOPEE RD,SR-77 RAMP,4,County Road,2,Urban,4,Minor Arterial,2,County Highway Agency,0,This section IS NOT on the NHS,0,No Special Jurisdiction,158,158,44.84003611,44.84003611,-93.24529444,-93.24529444,12,Motor Vehicle In-Transport,6,Angle,1,Yes,2,Intersection,3,T-Intersection,1,On Roadway,0,None,1,Daylight,1,Clear,0,No,0000000,Not Applicable,17,5:00pm-5:59pm,22,22,17,5:00pm-5:59pm,25,25,18,6:00pm-6:59pm,6,6,1
27,Minnesota,270251,0,0,2,2,0,5,5,85,MCLEOD (85),0,NOT APPLICABLE,8,August,18,18,5,Thursday,2022,11,11:00am-11:59am,1,1,SR-7,NA,3,State Highway,1,Rural,3,Principal Arterial - Other,1,State Highway Agency,1,This section IS ON the NHS,0,No Special Jurisdiction,1496,1496,44.89831667,44.89831667,-94.21963611,-94.21963611,12,Motor Vehicle In-Transport,6,Angle,0,No,1,Non-Junction,1,Not an Intersection,1,On Roadway,0,None,1,Daylight,2,Rain,0,No,0000000,Not Applicable,11,11:00am-11:59am,1,1,11,11:00am-11:59am,11,11,11,11:00am-11:59am,38,38,2
27,Minnesota,270252,0,0,1,1,0,1,1,53,HENNEPIN (53),2030,EDINA,9,September,7,7,4,Wednesday,2022,6,6:00am-6:59am,41,41,SR-62,NA,3,State Highway,2,Urban,2,Principal Arterial - Other Freeways and Expressways,1,State Highway Agency,1,This section IS ON the NHS,0,No Special Jurisdiction,1389,1389,44.88768056,44.88768056,-93.32684167,-93.32684167,24,Guardrail Face,0,The First Harmful Event was Not a Collision with a Motor Vehicle in Transport,0,No,1,Non-Junction,1,Not an Intersection,3,On Median,0,None,1,Daylight,1,Clear,0,No,0000000,Not Applicable,99,Unknown,99,Unknown,99,Unknown EMS Scene Arrival Hour,99,Unknown EMS Scene Arrival Minutes,99,Unknown,99,Unknown EMS Hospital Arrival Time,1
27,Minnesota,270253,0,0,1,1,0,1,1,121,POPE (121),0,NOT APPLICABLE,9,September,7,7,4,Wednesday,2022,19,7:00pm-7:59pm,40,40,CR-20,NA,4,County Road,1,Rural,6,Minor Collector,2,County Highway Agency,0,This section IS NOT on the NHS,0,No Special Jurisdiction,30,30,45.58508611,45.58508611,-95.18126944,-95.18126944,11,Live Animal,0,The First Harmful Event was Not a Collision with a Motor Vehicle in Transport,0,No,1,Non-Junction,1,Not an Intersection,1,On Roadway,0,None,1,Daylight,1,Clear,0,No,0000000,Not Applicable,19,7:00pm-7:59pm,40,40,19,7:00pm-7:59pm,57,57,88,Not Applicable (Not Transported),88,Not Applicable (Not Transported),1
27,Minnesota,270254,0,0,2,2,0,2,2,37,DAKOTA (37),0,NOT APPLICABLE,9,September,6,6,3,Tuesday,2022,14,2:00pm-2:59pm,35,35,CR-23,NA,4,County Road,1,Rural,4,Minor Arterial,2,County Highway Agency,0,This section IS NOT on the NHS,0,No Special Jurisdiction,35,35,44.50854444,44.50854444,-93.20096389,-93.20096389,12,Motor Vehicle In-Transport,2,Front-to-Front,0,No,1,Non-Junction,1,Not an Intersection,1,On Roadway,0,None,1,Daylight,1,Clear,0,No,0000000,Not Applicable,14,2:00pm-2:59pm,35,35,14,2:00pm-2:59pm,51,51,99,Unknown,99,Unknown EMS Hospital Arrival Time,1
27,Minnesota,270255,0,0,2,2,0,2,2,79,LE SUEUR (79),0,NOT APPLICABLE,8,August,18,18,5,Thursday,2022,5,5:00am-5:59am,12,12,SR-22,CR-101,3,State Highway,1,Rural,3,Principal Arterial - Other,1,State Highway Agency,1,This section IS ON the NHS,0,No Special Jurisdiction,583,583,44.25426111,44.25426111,-93.95919722,-93.95919722,12,Motor Vehicle In-Transport,6,Angle,0,No,2,Intersection,2,Four-Way Intersection,1,On Roadway,0,None,3,Dark - Lighted,1,Clear,0,No,0000000,Not Applicable,5,5:00am-5:59am,12,12,5,5:00am-5:59am,45,45,6,6:00am-6:59am,58,58,1
27,Minnesota,270256,0,0,2,2,0,3,3,47,FREEBORN (47),0,NOT APPLICABLE,9,September,8,8,5,Thursday,2022,18,6:00pm-6:59pm,3,3,CR-6,NA,4,County Road,1,Rural,6,Minor Collector,2,County Highway Agency,0,This section IS NOT on the NHS,0,No Special Jurisdiction,75,75,43.76184444,43.76184444,-93.5793,-93.5793,12,Motor Vehicle In-Transport,2,Front-to-Front,0,No,1,Non-Junction,1,Not an Intersection,1,On Roadway,0,None,1,Daylight,1,Clear,0,No,0000000,Not Applicable,18,6:00pm-6:59pm,3,3,18,6:00pm-6:59pm,30,30,19,7:00pm-7:59pm,2,2,1
27,Minnesota,270257,0,0,3,2,1,2,2,123,RAMSEY (123),6330,ST. PAUL,9,September,9,9,6,Friday,2022,12,12:00pm-12:59pm,29,29,CR-49 RICE ST,NA,4,County Road,2,Urban,4,Minor Arterial,2,County Highway Agency,0,This section IS NOT on the NHS,0,No Special Jurisdiction,18,18,44.98153889,44.98153889,-93.10571389,-93.10571389,12,Motor Vehicle In-Transport,7,Sideswipe - Same Direction,0,No,8,Driveway Access Related,1,Not an Intersection,1,On Roadway,0,None,1,Daylight,10,Cloudy,0,No,0000000,Not Applicable,12,12:00pm-12:59pm,30,30,12,12:00pm-12:59pm,35,35,12,12:00pm-12:59pm,48,48,1
27,Minnesota,270258,0,0,1,1,0,2,2,139,SCOTT (139),0,NOT APPLICABLE,9,September,10,10,7,Saturday,2022,0,0:00am-0:59am,51,51,CR-64,NA,4,County Road,1,Rural,6,Minor Collector,2,County Highway Agency,0,This section IS NOT on the NHS,0,No Special Jurisdiction,123,123,44.60194444,44.60194444,-93.51740278,-93.51740278,31,"Post, Pole or Other Supports",0,The First Harmful Event was Not a Collision with a Motor Vehicle in Transport,0,No,1,Non-Junction,1,Not an Intersection,4,On Roadside,0,None,2,Dark - Not Lighted,2,Rain,0,No,0000000,Not Applicable,0,0:00am-0:59am,51,51,1,1:00am-1:59am,5,5,1,1:00am-1:59am,6,6,1
27,Minnesota,270259,0,0,2,2,0,3,3,109,OLMSTED (109),0,NOT APPLICABLE,9,September,10,10,7,Saturday,2022,21,9:00pm-9:59pm,49,49,US-52,NA,2,US Highway,1,Rural,3,Principal Arterial - Other,1,State Highway Agency,1,This section IS ON the NHS,0,No Special Jurisdiction,359,359,43.86542222,43.86542222,-92.19935556,-92.19935556,12,Motor Vehicle In-Transport,6,Angle,0,No,8,Driveway Access Related,1,Not an Intersection,1,On Roadway,0,None,2,Dark - Not Lighted,5,"Fog, Smog, Smoke",0,No,0000000,Not Applicable,21,9:00pm-9:59pm,52,52,21,9:00pm-9:59pm,59,59,88,Not Applicable (Not Transported),88,Not Applicable (Not Transported),1
27,Minnesota,270261,0,0,3,3,0,4,4,59,ISANTI (59),0,NOT APPLICABLE,9,September,6,6,3,Tuesday,2022,21,9:00pm-9:59pm,16,16,CR-10,NA,4,County Road,2,Urban,5,Major Collector,2,County Highway Agency,0,This section IS NOT on the NHS,0,No Special Jurisdiction,120,120,45.56213889,45.56213889,-93.28601944,-93.28601944,12,Motor Vehicle In-Transport,8,Sideswipe - Opposite Direction,0,No,1,Non-Junction,1,Not an Intersection,1,On Roadway,0,None,2,Dark - Not Lighted,1,Clear,0,No,0000000,Not Applicable,21,9:00pm-9:59pm,16,16,21,9:00pm-9:59pm,31,31,21,9:00pm-9:59pm,56,56,1
27,Minnesota,270262,0,0,1,1,0,3,3,93,MEEKER (93),0,NOT APPLICABLE,9,September,5,5,2,Monday,2022,17,5:00pm-5:59pm,38,38,SR-15,NA,3,State Highway,1,Rural,3,Principal Arterial - Other,1,State Highway Agency,1,This section IS ON the NHS,0,No Special Jurisdiction,1225,1225,45.18693056,45.18693056,-94.31731389,-94.31731389,1,Rollover/Overturn,0,The First Harmful Event was Not a Collision with a Motor Vehicle in Transport,0,No,1,Non-Junction,1,Not an Intersection,4,On Roadside,0,None,1,Daylight,1,Clear,0,No,0000000,Not Applicable,17,5:00pm-5:59pm,40,40,17,5:00pm-5:59pm,50,50,19,7:00pm-7:59pm,2,2,1
27,Minnesota,270263,0,0,1,1,0,1,1,145,STEARNS (145),0,NOT APPLICABLE,9,September,11,11,1,Sunday,2022,14,2:00pm-2:59pm,20,20,CR-13 OVERTON RD,NA,4,County Road,1,Rural,5,Major Collector,2,County Highway Agency,0,This section IS NOT on the NHS,0,No Special Jurisdiction,220,220,45.640375,45.640375,-94.82000833,-94.82000833,34,Ditch,0,The First Harmful Event was Not a Collision with a Motor Vehicle in Transport,0,No,1,Non-Junction,1,Not an Intersection,4,On Roadside,0,None,1,Daylight,1,Clear,0,No,0000000,Not Applicable,14,2:00pm-2:59pm,20,20,14,2:00pm-2:59pm,25,25,14,2:00pm-2:59pm,35,35,1
27,Minnesota,270264,0,0,2,2,0,2,2,153,TODD (153),0,NOT APPLICABLE,9,September,12,12,2,Monday,2022,8,8:00am-8:59am,46,46,SR-27,CR-31,3,State Highway,1,Rural,4,Minor Arterial,1,State Highway Agency,0,This section IS NOT on the NHS,0,No Special Jurisdiction,1224,1224,45.97668056,45.97668056,-94.64896111,-94.64896111,12,Motor Vehicle In-Transport,1,Front-to-Rear,0,No,3,Intersection-Related,2,Four-Way Intersection,1,On Roadway,0,None,1,Daylight,1,Clear,0,No,0000000,Not Applicable,8,8:00am-8:59am,48,48,9,9:00am-9:59am,3,3,88,Not Applicable (Not Transported),88,Not Applicable (Not Transported),1
27,Minnesota,270265,0,0,1,1,0,1,1,3,ANOKA (3),671,BLAINE,9,September,13,13,3,Tuesday,2022,17,5:00pm-5:59pm,25,25,W 35 SERVICE DR NE,NA,6,Local Street - Municipality,2,Urban,7,Local,4,City or Municipal Highway Agency,0,This section IS NOT on the NHS,0,No Special Jurisdiction,11,11,45.14141944,45.14141944,-93.18775556,-93.18775556,38,Fence,0,The First Harmful Event was Not a Collision with a Motor Vehicle in Transport,0,No,1,Non-Junction,1,Not an Intersection,4,On Roadside,0,None,1,Daylight,1,Clear,0,No,0000000,Not Applicable,17,5:00pm-5:59pm,25,25,17,5:00pm-5:59pm,34,34,88,Not Applicable (Not Transported),88,Not Applicable (Not Transported),1
27,Minnesota,270266,0,0,2,2,0,3,3,33,COTTONWOOD (33),0,NOT APPLICABLE,9,September,5,5,2,Monday,2022,12,12:00pm-12:59pm,29,29,SR-62,CR-5,3,State Highway,1,Rural,4,Minor Arterial,1,State Highway Agency,0,This section IS NOT on the NHS,0,No Special Jurisdiction,137,137,43.86253889,43.86253889,-95.32062222,-95.32062222,12,Motor Vehicle In-Transport,1,Front-to-Rear,0,No,3,Intersection-Related,2,Four-Way Intersection,1,On Roadway,0,None,1,Daylight,1,Clear,0,No,0000000,Not Applicable,12,12:00pm-12:59pm,29,29,12,12:00pm-12:59pm,43,43,12,12:00pm-12:59pm,49,49,1
27,Minnesota,270267,0,0,2,2,0,2,2,51,GRANT (51),0,NOT APPLICABLE,9,September,11,11,1,Sunday,2022,16,4:00pm-4:59pm,29,29,SR-79,NA,3,State Highway,1,Rural,4,Minor Arterial,1,State Highway Agency,0,This section IS NOT on the NHS,0,No Special Jurisdiction,33,33,45.99226389,45.99226389,-95.90936389,-95.90936389,12,Motor Vehicle In-Transport,2,Front-to-Front,0,No,1,Non-Junction,1,Not an Intersection,1,On Roadway,0,None,1,Daylight,1,Clear,0,No,0000000,Not Applicable,16,4:00pm-4:59pm,29,29,16,4:00pm-4:59pm,37,37,99,Unknown,99,Unknown EMS Hospital Arrival Time,1
27,Minnesota,270269,0,0,1,1,0,2,2,61,ITASCA (61),0,NOT APPLICABLE,9,September,10,10,7,Saturday,2022,11,11:00am-11:59am,20,20,US-169,NA,2,US Highway,1,Rural,3,Principal Arterial - Other,1,State Highway Agency,1,This section IS ON the NHS,0,No Special Jurisdiction,2908,2908,47.08831389,47.08831389,-93.58094444,-93.58094444,1,Rollover/Overturn,0,The First Harmful Event was Not a Collision with a Motor Vehicle in Transport,0,No,1,Non-Junction,1,Not an Intersection,4,On Roadside,0,None,1,Daylight,1,Clear,0,No,0000000,Not Applicable,11,11:00am-11:59am,22,22,11,11:00am-11:59am,37,37,12,12:00pm-12:59pm,8,8,1
27,Minnesota,270270,1,1,1,1,0,1,1,53,HENNEPIN (53),4760,MINNEAPOLIS,9,September,14,14,4,Wednesday,2022,3,3:00am-3:59am,30,30,CR-81,1-94 RAMP,4,County Road,2,Urban,4,Minor Arterial,2,County Highway Agency,0,This section IS NOT on the NHS,0,No Special Jurisdiction,1,1,44.99894722,44.99894722,-93.28397222,-93.28397222,8,Pedestrian,0,The First Harmful Event was Not a Collision with a Motor Vehicle in Transport,1,Yes,3,Intersection-Related,2,Four-Way Intersection,1,On Roadway,0,None,3,Dark - Lighted,1,Clear,0,No,0000000,Not Applicable,3,3:00am-3:59am,41,41,3,3:00am-3:59am,46,46,88,Not Applicable (Not Transported),88,Not Applicable (Not Transported),1
27,Minnesota,270271,1,1,1,1,0,1,1,35,CROW WING (35),0,NOT APPLICABLE,6,June,13,13,2,Monday,2022,18,6:00pm-6:59pm,56,56,CR-148,NA,4,County Road,1,Rural,7,Local,2,County Highway Agency,0,This section IS NOT on the NHS,0,No Special Jurisdiction,15,15,46.31531944,46.31531944,-94.11506944,-94.11506944,11,Live Animal,0,The First Harmful Event was Not a Collision with a Motor Vehicle in Transport,0,No,1,Non-Junction,1,Not an Intersection,1,On Roadway,0,None,1,Daylight,1,Clear,0,No,0000000,Not Applicable,18,6:00pm-6:59pm,56,56,19,7:00pm-7:59pm,6,6,88,Not Applicable (Not Transported),88,Not Applicable (Not Transported),1
27,Minnesota,270272,0,0,1,1,0,1,1,69,KITTSON (69),0,NOT APPLICABLE,9,September,17,17,7,Saturday,2022,12,12:00pm-12:59pm,36,36,SR-11,NA,3,State Highway,1,Rural,3,Principal Arterial - Other,1,State Highway Agency,1,This section IS ON the NHS,0,No Special Jurisdiction,269,269,48.5724,48.5724,-96.56243611,-96.56243611,1,Rollover/Overturn,0,The First Harmful Event was Not a Collision with a Motor Vehicle in Transport,0,No,1,Non-Junction,1,Not an Intersection,1,On Roadway,0,None,1,Daylight,10,Cloudy,0,No,0000000,Not Applicable,12,12:00pm-12:59pm,36,36,12,12:00pm-12:59pm,44,44,13,1:00pm-1:59pm,33,33,1
27,Minnesota,270273,0,0,1,1,0,1,1,21,CASS (21),0,NOT APPLICABLE,9,September,18,18,1,Sunday,2022,1,1:00am-1:59am,3,3,SR-200,NA,3,State Highway,1,Rural,4,Minor Arterial,1,State Highway Agency,0,This section IS NOT on the NHS,0,No Special Jurisdiction,1618,1618,47.02911667,47.02911667,-93.861275,-93.861275,35,Embankment,0,The First Harmful Event was Not a Collision with a Motor Vehicle in Transport,0,No,1,Non-Junction,1,Not an Intersection,4,On Roadside,0,None,2,Dark - Not Lighted,2,Rain,0,No,0000000,Not Applicable,1,1:00am-1:59am,3,3,1,1:00am-1:59am,5,5,88,Not Applicable (Not Transported),88,Not Applicable (Not Transported),1
27,Minnesota,270274,0,0,3,3,0,4,4,123,RAMSEY (123),0,NOT APPLICABLE,9,September,19,19,2,Monday,2022,8,8:00am-8:59am,23,23,US-61,NA,2,US Highway,2,Urban,4,Minor Arterial,1,State Highway Agency,0,This section IS NOT on the NHS,0,No Special Jurisdiction,1493,1493,45.12015833,45.12015833,-93.00334444,-93.00334444,12,Motor Vehicle In-Transport,1,Front-to-Rear,0,No,8,Driveway Access Related,1,Not an Intersection,1,On Roadway,0,None,1,Daylight,1,Clear,0,No,0000000,Not Applicable,8,8:00am-8:59am,23,23,8,8:00am-8:59am,29,29,9,9:00am-9:59am,0,0,1
27,Minnesota,270275,0,0,3,3,0,6,6,123,RAMSEY (123),215,ARDEN HILLS,9,September,19,19,2,Monday,2022,8,8:00am-8:59am,29,29,CR-96,CR-76 OLD HWY 10,4,County Road,2,Urban,4,Minor Arterial,2,County Highway Agency,0,This section IS NOT on the NHS,0,No Special Jurisdiction,5,5,45.07912778,45.07912778,-93.17696111,-93.17696111,12,Motor Vehicle In-Transport,6,Angle,1,Yes,2,Intersection,2,Four-Way Intersection,1,On Roadway,0,None,1,Daylight,1,Clear,1,Yes,0000000,Not Applicable,8,8:00am-8:59am,29,29,8,8:00am-8:59am,39,39,99,Unknown,99,Unknown EMS Hospital Arrival Time,1
27,Minnesota,270276,0,0,1,1,0,2,2,3,ANOKA (3),671,BLAINE,4,April,26,26,3,Tuesday,2022,23,11:00pm-11:59pm,15,15,103RD AVE NE,BALTIMORE ST NE,6,Local Street - Municipality,2,Urban,7,Local,4,City or Municipal Highway Agency,0,This section IS NOT on the NHS,0,No Special Jurisdiction,1,1,45.15747222,45.15747222,-93.23315278,-93.23315278,42,Tree (Standing Only),0,The First Harmful Event was Not a Collision with a Motor Vehicle in Transport,0,No,3,Intersection-Related,2,Four-Way Intersection,4,On Roadside,0,None,3,Dark - Lighted,1,Clear,0,No,0000000,Not Applicable,11,11:00am-11:59am,14,14,11,11:00am-11:59am,30,30,11,11:00am-11:59am,30,30,1
27,Minnesota,270277,0,0,1,1,0,1,1,37,DAKOTA (37),0,NOT APPLICABLE,7,July,24,24,1,Sunday,2022,17,5:00pm-5:59pm,30,30,CR-4 200TH ST E,NA,4,County Road,1,Rural,4,Minor Arterial,2,County Highway Agency,0,This section IS NOT on the NHS,0,No Special Jurisdiction,21,21,44.66765278,44.66765278,-92.73308611,-92.73308611,59,Traffic Sign Support,0,The First Harmful Event was Not a Collision with a Motor Vehicle in Transport,0,No,1,Non-Junction,1,Not an Intersection,4,On Roadside,0,None,1,Daylight,1,Clear,0,No,0000000,Not Applicable,17,5:00pm-5:59pm,46,46,17,5:00pm-5:59pm,51,51,18,6:00pm-6:59pm,15,15,1
27,Minnesota,270278,0,0,2,2,0,2,2,53,HENNEPIN (53),4760,MINNEAPOLIS,9,September,20,20,3,Tuesday,2022,0,0:00am-0:59am,39,39,I-35,NA,1,Interstate,2,Urban,1,Interstate,1,State Highway Agency,1,This section IS ON the NHS,0,No Special Jurisdiction,156,156,44.94893611,44.94893611,-93.274525,-93.274525,12,Motor Vehicle In-Transport,1,Front-to-Rear,0,No,1,Non-Junction,1,Not an Intersection,1,On Roadway,0,None,3,Dark - Lighted,10,Cloudy,0,No,0000000,Not Applicable,0,0:00am-0:59am,39,39,0,0:00am-0:59am,46,46,0,0:00am-0:59am,55,55,1
27,Minnesota,270280,0,0,1,1,0,2,2,119,POLK (119),0,NOT APPLICABLE,9,September,2,2,6,Friday,2022,23,11:00pm-11:59pm,26,26,US-2,NA,2,US Highway,2,Urban,3,Principal Arterial - Other,1,State Highway Agency,1,This section IS ON the NHS,0,No Special Jurisdiction,247,247,47.79776111,47.79776111,-96.6114,-96.6114,30,Utility Pole/Light Support,0,The First Harmful Event was Not a Collision with a Motor Vehicle in Transport,0,No,1,Non-Junction,1,Not an Intersection,4,On Roadside,0,None,3,Dark - Lighted,1,Clear,0,No,0000000,Not Applicable,23,11:00pm-11:59pm,30,30,23,11:00pm-11:59pm,37,37,23,11:00pm-11:59pm,45,45,2
27,Minnesota,270281,0,0,1,1,0,1,1,47,FREEBORN (47),0,NOT APPLICABLE,9,September,15,15,5,Thursday,2022,14,2:00pm-2:59pm,57,57,I-35,NA,1,Interstate,1,Rural,1,Interstate,1,State Highway Agency,1,This section IS ON the NHS,0,No Special Jurisdiction,28,28,43.53928333,43.53928333,-93.35471667,-93.35471667,24,Guardrail Face,0,The First Harmful Event was Not a Collision with a Motor Vehicle in Transport,0,No,1,Non-Junction,1,Not an Intersection,4,On Roadside,0,None,1,Daylight,1,Clear,0,No,0000000,Not Applicable,14,2:00pm-2:59pm,58,58,15,3:00pm-3:59pm,14,14,88,Not Applicable (Not Transported),88,Not Applicable (Not Transported),1
27,Minnesota,270282,1,1,1,1,0,2,2,169,WINONA (169),7660,WINONA,9,September,15,15,5,Thursday,2022,20,8:00pm-8:59pm,41,41,US-61,VILA ST,2,US Highway,2,Urban,3,Principal Arterial - Other,1,State Highway Agency,1,This section IS ON the NHS,0,No Special Jurisdiction,280,280,44.04456111,44.04456111,-91.66819722,-91.66819722,9,Pedalcyclist,0,The First Harmful Event was Not a Collision with a Motor Vehicle in Transport,0,No,2,Intersection,2,Four-Way Intersection,1,On Roadway,0,None,3,Dark - Lighted,1,Clear,0,No,0000000,Not Applicable,20,8:00pm-8:59pm,41,41,20,8:00pm-8:59pm,42,42,88,Not Applicable (Not Transported),88,Not Applicable (Not Transported),1
27,Minnesota,270283,0,0,2,2,0,2,2,37,DAKOTA (37),202,APPLE VALLEY,9,September,21,21,4,Wednesday,2022,19,7:00pm-7:59pm,34,34,CR-42 150TH ST W,FLAGSTAFF AVE,4,County Road,2,Urban,3,Principal Arterial - Other,2,County Highway Agency,1,This section IS ON the NHS,0,No Special Jurisdiction,67,67,44.73198333,44.73198333,-93.19761944,-93.19761944,12,Motor Vehicle In-Transport,6,Angle,0,No,2,Intersection,2,Four-Way Intersection,1,On Roadway,0,None,5,Dusk,1,Clear,0,No,0000000,Not Applicable,19,7:00pm-7:59pm,34,34,19,7:00pm-7:59pm,36,36,20,8:00pm-8:59pm,19,19,1
27,Minnesota,270284,0,0,1,1,0,1,1,143,SIBLEY (143),0,NOT APPLICABLE,9,September,15,15,5,Thursday,2022,12,12:00pm-12:59pm,24,24,CR-6,NA,4,County Road,1,Rural,5,Major Collector,2,County Highway Agency,0,This section IS NOT on the NHS,0,No Special Jurisdiction,60,60,44.60361111,44.60361111,-93.89058056,-93.89058056,42,Tree (Standing Only),0,The First Harmful Event was Not a Collision with a Motor Vehicle in Transport,0,No,1,Non-Junction,1,Not an Intersection,4,On Roadside,0,None,1,Daylight,1,Clear,0,No,0000000,Not Applicable,12,12:00pm-12:59pm,26,26,12,12:00pm-12:59pm,42,42,88,Not Applicable (Not Transported),88,Not Applicable (Not Transported),1