STATE,STATENAME,ST_CASE,PEDS,PERNOTMVIT,VE_TOTAL,VE_FORMS,PVH_INVL,PERSONS,PERMVIT,COUNTY,COUNTYNAME,CITY,CITYNAME,MONTH,MONTHNAME,DAY,DAYNAME,DAY_WEEK,DAY_WEEKNAME,YEAR,HOUR,HOURNAME,MINUTE,MINUTENAME,TWAY_ID,TWAY_ID2,ROUTE,ROUTENAME,RUR_URB,RUR_URBNAME,FUNC_SYS,FUNC_SYSNAME,RD_OWNER,RD_OWNERNAME,NHS,NHSNAME,SP_JUR,SP_JURNAME,MILEPT,MILEPTNAME,LATITUDE,LATITUDENAME,LONGITUD,LONGITUDNAME,HARM_EV,HARM_EVNAME,MAN_COLL,MAN_COLLNAME,RELJCT1,RELJCT1NAME,RELJCT2,RELJCT2NAME,TYP_INT,TYP_INTNAME,REL_ROAD,REL_ROADNAME,WRK_ZONE,WRK_ZONENAME,LGT_COND,LGT_CONDNAME,WEATHER,WEATHERNAME,SCH_BUS,SCH_BUSNAME,RAIL,RAILNAME,NOT_HOUR,NOT_HOURNAME,NOT_MIN,NOT_MINNAME,ARR_HOUR,ARR_HOURNAME,ARR_MIN,ARR_MINNAME,HOSP_HR,HOSP_HRNAME,HOSP_MN,HOSP_MNNAME,FATALS
27,Minnesota,270285,0,0,1,1,0,1,1,129,RENVILLE (129),5400,OLIVIA,9,September,24,24,7,Saturday,2022,3,3:00am-3:59am,34,34,US-LINCOLN AVE W,NA,2,US Highway,1,Rural,3,Principal Arterial - Other,1,State Highway Agency,1,This section IS ON the NHS,0,No Special Jurisdiction,977,977,44.77660278,44.77660278,-94.99545278,-94.99545278,33,Curb,0,The First Harmful Event was Not a Collision with a Motor Vehicle in Transport,0,No,1,Non-Junction,1,Not an Intersection,4,On Roadside,1,Construction,3,Dark - Lighted,1,Clear,0,No,0000000,Not Applicable,3,3:00am-3:59am,35,35,3,3:00am-3:59am,44,44,88,Not Applicable (Not Transported),88,Not Applicable (Not Transported),1
27,Minnesota,270286,0,0,2,2,0,3,3,67,KANDIYOHI (67),0,NOT APPLICABLE,9,September,24,24,7,Saturday,2022,16,4:00pm-4:59pm,32,32,SR-7,CR-2 195TH ST SE,3,State Highway,1,Rural,4,Minor Arterial,1,State Highway Agency,0,This section IS NOT on the NHS,0,No Special Jurisdiction,1204,1204,44.93583611,44.93583611,-94.77825278,-94.77825278,12,Motor Vehicle In-Transport,6,Angle,0,No,2,Intersection,2,Four-Way Intersection,1,On Roadway,0,None,1,Daylight,10,Cloudy,0,No,0000000,Not Applicable,16,4:00pm-4:59pm,29,29,16,4:00pm-4:59pm,39,39,99,Unknown,99,Unknown EMS Hospital Arrival Time,3
27,Minnesota,270287,0,0,1,1,0,1,1,105,NOBLES (105),0,NOT APPLICABLE,9,September,25,25,1,Sunday,2022,10,10:00am-10:59am,27,27,140TH ST,NA,5,Local Street - Township,1,Rural,7,Local,3,Town or Township Highway Agency,0,This section IS NOT on the NHS,0,No Special Jurisdiction,47,47,43.7906,43.7906,-95.53924167,-95.53924167,1,Rollover/Overturn,0,The First Harmful Event was Not a Collision with a Motor Vehicle in Transport,0,No,1,Non-Junction,1,Not an Intersection,4,On Roadside,0,None,1,Daylight,1,Clear,0,No,0000000,Not Applicable,10,10:00am-10:59am,27,27,10,10:00am-10:59am,44,44,88,Not Applicable (Not Transported),88,Not Applicable (Not Transported),1
27,Minnesota,270288,0,0,2,2,0,3,3,173,YELLOW MEDICINE (173),0,NOT APPLICABLE,9,September,23,23,6,Friday,2022,19,7:00pm-7:59pm,36,36,US-75,NA,2,US Highway,1,Rural,4,Minor Arterial,1,State Highway Agency,0,This section IS NOT on the NHS,0,No Special Jurisdiction,848,848,44.68234167,44.68234167,-96.27680556,-96.27680556,12,Motor Vehicle In-Transport,2,Front-to-Front,0,No,1,Non-Junction,1,Not an Intersection,1,On Roadway,0,None,5,Dusk,2,Rain,0,No,0000000,Not Applicable,19,7:00pm-7:59pm,36,36,19,7:00pm-7:59pm,41,41,19,7:00pm-7:59pm,49,49,1
27,Minnesota,270289,0,0,2,2,0,2,2,131,RICE (131),5270,NORTHFIELD,9,September,26,26,2,Monday,2022,9,9:00am-9:59am,49,49,SR-3,HONEY LOCUST DR,3,State Highway,2,Urban,3,Principal Arterial - Other,1,State Highway Agency,1,This section IS ON the NHS,0,No Special Jurisdiction,109,109,44.43528889,44.43528889,-93.18723611,-93.18723611,12,Motor Vehicle In-Transport,6,Angle,0,No,2,Intersection,2,Four-Way Intersection,1,On Roadway,2,Maintenance,1,Daylight,1,Clear,0,No,0000000,Not Applicable,9,9:00am-9:59am,49,49,9,9:00am-9:59am,50,50,11,11:00am-11:59am,0,0,1
27,Minnesota,270290,0,0,1,1,0,1,1,53,HENNEPIN (53),2750,GOLDEN VALLEY,9,September,27,27,3,Tuesday,2022,12,12:00pm-12:59pm,2,2,I-394,NA,1,Interstate,2,Urban,1,Interstate,1,State Highway Agency,1,This section IS ON the NHS,0,No Special Jurisdiction,58,58,44.97059444,44.97059444,-93.341975,-93.341975,25,Concrete Traffic Barrier,0,The First Harmful Event was Not a Collision with a Motor Vehicle in Transport,0,No,1,Non-Junction,1,Not an Intersection,3,On Median,0,None,1,Daylight,1,Clear,0,No,0000000,Not Applicable,12,12:00pm-12:59pm,99,Unknown,12,12:00pm-12:59pm,10,10,99,Unknown,99,Unknown EMS Hospital Arrival Time,1
27,Minnesota,270291,0,0,2,2,0,2,2,53,HENNEPIN (53),5732,PLYMOUTH,8,August,26,26,6,Friday,2022,11,11:00am-11:59am,30,30,CR-9 ROCKFORD RD,ZACHARY LA,4,County Road,2,Urban,4,Minor Arterial,2,County Highway Agency,0,This section IS NOT on the NHS,0,No Special Jurisdiction,38,38,45.03319722,45.03319722,-93.42080278,-93.42080278,12,Motor Vehicle In-Transport,2,Front-to-Front,0,No,2,Intersection,2,Four-Way Intersection,1,On Roadway,0,None,1,Daylight,1,Clear,0,No,0000000,Not Applicable,99,Unknown,99,Unknown,99,Unknown EMS Scene Arrival Hour,99,Unknown EMS Scene Arrival Minutes,99,Unknown,99,Unknown EMS Hospital Arrival Time,1
27,Minnesota,270292,0,0,2,2,0,3,3,171,WRIGHT (171),0,NOT APPLICABLE,9,September,26,26,2,Monday,2022,14,2:00pm-2:59pm,33,33,CR-10,CR-30,4,County Road,1,Rural,6,Minor Collector,2,County Highway Agency,0,This section IS NOT on the NHS,0,No Special Jurisdiction,30,30,45.02184722,45.02184722,-93.93054444,-93.93054444,12,Motor Vehicle In-Transport,6,Angle,0,No,2,Intersection,2,Four-Way Intersection,1,On Roadway,0,None,1,Daylight,1,Clear,0,No,0000000,Not Applicable,14,2:00pm-2:59pm,35,35,14,2:00pm-2:59pm,46,46,99,Unknown,99,Unknown EMS Hospital Arrival Time,1
27,Minnesota,270293,1,1,1,1,0,6,6,143,SIBLEY (143),230,ARLINGTON,9,September,17,17,7,Saturday,2022,21,9:00pm-9:59pm,59,59,SR-5,NA,3,State Highway,1,Rural,4,Minor Arterial,1,State Highway Agency,0,This section IS NOT on the NHS,0,No Special Jurisdiction,84,84,44.611525,44.611525,-94.08138889,-94.08138889,8,Pedestrian,0,The First Harmful Event was Not a Collision with a Motor Vehicle in Transport,0,No,1,Non-Junction,1,Not an Intersection,1,On Roadway,0,None,3,Dark - Lighted,10,Cloudy,0,No,0000000,Not Applicable,21,9:00pm-9:59pm,59,59,22,10:00pm-10:59pm,14,14,22,10:00pm-10:59pm,20,20,1
27,Minnesota,270294,0,0,1,1,0,1,1,63,JACKSON (63),0,NOT APPLICABLE,9,September,26,26,2,Monday,2022,16,4:00pm-4:59pm,4,4,I-90,NA,1,Interstate,1,Rural,1,Interstate,1,State Highway Agency,1,This section IS ON the NHS,0,No Special Jurisdiction,556,556,43.63748611,43.63748611,-95.35768611,-95.35768611,1,Rollover/Overturn,0,The First Harmful Event was Not a Collision with a Motor Vehicle in Transport,0,No,1,Non-Junction,1,Not an Intersection,3,On Median,0,None,1,Daylight,1,Clear,0,No,0000000,Not Applicable,16,4:00pm-4:59pm,4,4,16,4:00pm-4:59pm,20,20,17,5:00pm-5:59pm,0,0,1
27,Minnesota,270296,0,0,2,2,0,2,2,123,RAMSEY (123),6330,ST. PAUL,10,October,3,3,2,Monday,2022,10,10:00am-10:59am,25,25,CR-30,VICTORIA  ST,4,County Road,2,Urban,4,Minor Arterial,2,County Highway Agency,0,This section IS NOT on the NHS,0,No Special Jurisdiction,34,34,44.99193333,44.99193333,-93.13789722,-93.13789722,12,Motor Vehicle In-Transport,1,Front-to-Rear,0,No,3,Intersection-Related,3,T-Intersection,1,On Roadway,0,None,1,Daylight,1,Clear,0,No,0000000,Not Applicable,10,10:00am-10:59am,30,30,10,10:00am-10:59am,40,40,11,11:00am-11:59am,20,20,1
27,Minnesota,270297,0,0,2,2,0,3,3,141,SHERBURNE (141),0,NOT APPLICABLE,10,October,4,4,3,Tuesday,2022,20,8:00pm-8:59pm,8,8,US-10,CR-65,2,US Highway,1,Rural,3,Principal Arterial - Other,1,State Highway Agency,1,This section IS ON the NHS,0,No Special Jurisdiction,1849,1849,45.50843333,45.50843333,-94.07067778,-94.07067778,12,Motor Vehicle In-Transport,6,Angle,0,No,2,Intersection,2,Four-Way Intersection,1,On Roadway,0,None,2,Dark - Not Lighted,1,Clear,0,No,0000000,Not Applicable,20,8:00pm-8:59pm,8,8,20,8:00pm-8:59pm,23,23,21,9:00pm-9:59pm,0,0,1
27,Minnesota,270298,0,0,2,2,0,2,2,13,BLUE EARTH (13),0,NOT APPLICABLE,9,September,12,12,2,Monday,2022,16,4:00pm-4:59pm,43,43,US-USTH 14,CR-17 MARBLE RD,2,US Highway,2,Urban,2,Principal Arterial - Other Freeways and Expressways,1,State Highway Agency,1,This section IS ON the NHS,0,No Special Jurisdiction,1378,1378,44.16316389,44.16316389,-93.86777778,-93.86777778,12,Motor Vehicle In-Transport,6,Angle,0,No,2,Intersection,11,Other Intersection Type,1,On Roadway,0,None,1,Daylight,1,Clear,0,No,0000000,Not Applicable,16,4:00pm-4:59pm,43,43,16,4:00pm-4:59pm,51,51,99,Unknown,99,Unknown EMS Hospital Arrival Time,1
27,Minnesota,270299,0,0,2,2,0,3,3,37,DAKOTA (37),956,BURNSVILLE,10,October,6,6,5,Thursday,2022,20,8:00pm-8:59pm,23,23,CR-42,NA,4,County Road,2,Urban,3,Principal Arterial - Other,2,County Highway Agency,1,This section IS ON the NHS,0,No Special Jurisdiction,40,40,44.73327778,44.73327778,-93.25341944,-93.25341944,12,Motor Vehicle In-Transport,1,Front-to-Rear,0,No,8,Driveway Access Related,1,Not an Intersection,1,On Roadway,0,None,3,Dark - Lighted,1,Clear,0,No,0000000,Not Applicable,20,8:00pm-8:59pm,24,24,20,8:00pm-8:59pm,27,27,88,Not Applicable (Not Transported),88,Not Applicable (Not Transported),1
27,Minnesota,270300,0,0,3,3,0,4,4,49,GOODHUE (49),5840,RED WING,9,September,27,27,3,Tuesday,2022,14,2:00pm-2:59pm,5,5,US-61,NA,2,US Highway,2,Urban,3,Principal Arterial - Other,1,State Highway Agency,1,This section IS ON the NHS,0,No Special Jurisdiction,913,913,44.56332778,44.56332778,-92.562975,-92.562975,12,Motor Vehicle In-Transport,1,Front-to-Rear,0,No,1,Non-Junction,1,Not an Intersection,1,On Roadway,0,None,1,Daylight,1,Clear,0,No,0000000,Not Applicable,14,2:00pm-2:59pm,5,5,14,2:00pm-2:59pm,7,7,14,2:00pm-2:59pm,10,10,1
27,Minnesota,270302,1,1,1,1,0,1,1,21,CASS (21),1100,CASS LAKE,10,October,7,7,6,Friday,2022,7,7:00am-7:59am,5,5,US-2,SR-371,2,US Highway,1,Rural,3,Principal Arterial - Other,1,State Highway Agency,1,This section IS ON the NHS,0,No Special Jurisdiction,1302,1302,47.38285,47.38285,-94.61186111,-94.61186111,8,Pedestrian,0,The First Harmful Event was Not a Collision with a Motor Vehicle in Transport,0,No,3,Intersection-Related,2,Four-Way Intersection,1,On Roadway,0,None,3,Dark - Lighted,10,Cloudy,0,No,0000000,Not Applicable,7,7:00am-7:59am,5,5,99,Unknown EMS Scene Arrival Hour,99,Unknown EMS Scene Arrival Minutes,99,Unknown,99,Unknown EMS Hospital Arrival Time,1
27,Minnesota,270303,0,0,2,2,0,4,4,123,RAMSEY (123),6330,ST. PAUL,10,October,7,7,6,Friday,2022,19,7:00pm-7:59pm,11,11,CR-65 N WHITE BEAR AVE,NA,4,County Road,2,Urban,4,Minor Arterial,2,County Highway Agency,0,This section IS NOT on the NHS,0,No Special Jurisdiction,2,2,44.97343889,44.97343889,-93.025375,-93.025375,12,Motor Vehicle In-Transport,2,Front-to-Front,0,No,1,Non-Junction,1,Not an Intersection,1,On Roadway,0,None,5,Dusk,1,Clear,0,No,0000000,Not Applicable,19,7:00pm-7:59pm,17,17,19,7:00pm-7:59pm,21,21,19,7:00pm-7:59pm,50,50,1
27,Minnesota,270304,0,0,1,1,0,1,1,95,MILLE LACS (95),0,NOT APPLICABLE,10,October,8,8,7,Saturday,2022,0,0:00am-0:59am,58,58,60TH AVE,NA,5,Local Street - Township,1,Rural,7,Local,3,Town or Township Highway Agency,0,This section IS NOT on the NHS,0,No Special Jurisdiction,24,24,46.06870278,46.06870278,-93.53640833,-93.53640833,42,Tree (Standing Only),0,The First Harmful Event was Not a Collision with a Motor Vehicle in Transport,0,No,1,Non-Junction,1,Not an Intersection,4,On Roadside,0,None,2,Dark - Not Lighted,1,Clear,0,No,0000000,Not Applicable,0,0:00am-0:59am,58,58,1,1:00am-1:59am,11,11,88,Not Applicable (Not Transported),88,Not Applicable (Not Transported),1
27,Minnesota,270305,0,0,1,1,0,2,2,37,DAKOTA (37),0,NOT APPLICABLE,10,October,10,10,2,Monday,2022,19,7:00pm-7:59pm,6,6,CR-54 RAVENNA TRL,NA,4,County Road,1,Rural,5,Major Collector,2,County Highway Agency,0,This section IS NOT on the NHS,0,No Special Jurisdiction,33,33,44.71042222,44.71042222,-92.77185278,-92.77185278,11,Live Animal,0,The First Harmful Event was Not a Collision with a Motor Vehicle in Transport,0,No,1,Non-Junction,1,Not an Intersection,1,On Roadway,0,None,2,Dark - Not Lighted,1,Clear,0,No,0000000,Not Applicable,19,7:00pm-7:59pm,7,7,19,7:00pm-7:59pm,18,18,20,8:00pm-8:59pm,0,0,1
27,Minnesota,270306,0,0,1,1,0,1,1,59,ISANTI (59),9997,Other,10,October,11,11,3,Tuesday,2022,22,10:00pm-10:59pm,40,40,CR-23 249TH AVE NW,NA,4,County Road,1,Rural,6,Minor Collector,2,County Highway Agency,0,This section IS NOT on the NHS,0,No Special Jurisdiction,3,3,45.42079167,45.42079167,-93.32127222,-93.32127222,59,Traffic Sign Support,0,The First Harmful Event was Not a Collision with a Motor Vehicle in Transport,0,No,1,Non-Junction,1,Not an Intersection,4,On Roadside,0,None,2,Dark - Not Lighted,2,Rain,0,No,0000000,Not Applicable,22,10:00pm-10:59pm,40,40,22,10:00pm-10:59pm,49,49,88,Not Applicable (Not Transported),88,Not Applicable (Not Transported),1
27,Minnesota,270307,0,0,1,1,0,1,1,53,HENNEPIN (53),0,NOT APPLICABLE,10,October,12,12,4,Wednesday,2022,18,6:00pm-6:59pm,13,13,SR-5,NA,3,State Highway,2,Urban,2,Principal Arterial - Other Freeways and Expressways,1,State Highway Agency,1,This section IS ON the NHS,0,No Special Jurisdiction,627,627,44.87079167,44.87079167,-93.19842778,-93.19842778,59,Traffic Sign Support,0,The First Harmful Event was Not a Collision with a Motor Vehicle in Transport,0,No,1,Non-Junction,1,Not an Intersection,4,On Roadside,0,None,1,Daylight,10,Cloudy,0,No,0000000,Not Applicable,18,6:00pm-6:59pm,15,15,18,6:00pm-6:59pm,28,28,88,Not Applicable (Not Transported),88,Not Applicable (Not Transported),1
27,Minnesota,270308,0,0,2,2,0,3,3,137,ST LOUIS (137),0,NOT APPLICABLE,10,October,11,11,3,Tuesday,2022,8,8:00am-8:59am,24,24,SR-37,CR-448,3,State Highway,1,Rural,4,Minor Arterial,1,State Highway Agency,0,This section IS NOT on the NHS,0,No Special Jurisdiction,108,108,47.400875,47.400875,-92.71766944,-92.71766944,12,Motor Vehicle In-Transport,6,Angle,0,No,2,Intersection,2,Four-Way Intersection,1,On Roadway,0,None,1,Daylight,10,Cloudy,0,No,0000000,Not Applicable,8,8:00am-8:59am,24,24,8,8:00am-8:59am,35,35,88,Not Applicable (Not Transported),88,Not Applicable (Not Transported),1
27,Minnesota,270309,0,0,2,2,0,1,1,85,MCLEOD (85),0,NOT APPLICABLE,10,October,3,3,2,Monday,2022,4,4:00am-4:59am,13,13,US-212,NA,2,US Highway,1,Rural,3,Principal Arterial - Other,1,State Highway Agency,1,This section IS ON the NHS,0,No Special Jurisdiction,1180,1180,44.74981389,44.74981389,-94.17914722,-94.17914722,12,Motor Vehicle In-Transport,11,Other,0,No,1,Non-Junction,1,Not an Intersection,1,On Roadway,0,None,2,Dark - Not Lighted,10,Cloudy,0,No,0000000,Not Applicable,4,4:00am-4:59am,13,13,4,4:00am-4:59am,17,17,88,Not Applicable (Not Transported),88,Not Applicable (Not Transported),1
27,Minnesota,270310,0,0,2,2,0,2,2,117,PIPESTONE (117),0,NOT APPLICABLE,10,October,13,13,5,Thursday,2022,6,6:00am-6:59am,45,45,SR-30,NA,3,State Highway,1,Rural,4,Minor Arterial,1,State Highway Agency,0,This section IS NOT on the NHS,0,No Special Jurisdiction,150,150,43.99380278,43.99380278,-96.16588333,-96.16588333,12,Motor Vehicle In-Transport,2,Front-to-Front,0,No,1,Non-Junction,1,Not an Intersection,1,On Roadway,0,None,2,Dark - Not Lighted,1,Clear,0,No,0000000,Not Applicable,6,6:00am-6:59am,53,53,7,7:00am-7:59am,2,2,88,Not Applicable (Not Transported),88,Not Applicable (Not Transported),1
27,Minnesota,270311,0,0,2,2,0,3,3,59,ISANTI (59),1020,CAMBRIDGE,10,October,11,11,3,Tuesday,2022,11,11:00am-11:59am,8,8,SR-65,MAIN ST,3,State Highway,1,Rural,5,Major Collector,1,State Highway Agency,0,This section IS NOT on the NHS,0,No Special Jurisdiction,2706,2706,45.53648889,45.53648889,-93.22914722,-93.22914722,12,Motor Vehicle In-Transport,6,Angle,0,No,2,Intersection,2,Four-Way Intersection,1,On Roadway,0,None,1,Daylight,1,Clear,0,No,0000000,Not Applicable,11,11:00am-11:59am,8,8,11,11:00am-11:59am,11,11,11,11:00am-11:59am,30,30,1
27,Minnesota,270312,0,0,1,1,0,4,4,115,PINE (115),0,NOT APPLICABLE,10,October,15,15,7,Saturday,2022,1,1:00am-1:59am,49,49,CR-7,CR-23,4,County Road,1,Rural,5,Major Collector,2,County Highway Agency,0,This section IS NOT on the NHS,0,No Special Jurisdiction,92,92,45.81813333,45.81813333,-92.99161111,-92.99161111,34,Ditch,0,The First Harmful Event was Not a Collision with a Motor Vehicle in Transport,0,No,3,Intersection-Related,3,T-Intersection,4,On Roadside,0,None,2,Dark - Not Lighted,1,Clear,0,No,0000000,Not Applicable,1,1:00am-1:59am,54,54,2,2:00am-2:59am,0,0,3,3:00am-3:59am,7,7,2
27,Minnesota,270313,1,1,1,1,0,2,2,37,DAKOTA (37),3990,LAKEVILLE,8,August,29,29,2,Monday,2022,19,7:00pm-7:59pm,20,20,175TH ST W,HONEYSUCKLE AVE,6,Local Street - Municipality,2,Urban,5,Major Collector,4,City or Municipal Highway Agency,0,This section IS NOT on the NHS,0,No Special Jurisdiction,21,21,44.69576111,44.69576111,-93.24011944,-93.24011944,8,Pedestrian,0,The First Harmful Event was Not a Collision with a Motor Vehicle in Transport,0,No,3,Intersection-Related,2,Four-Way Intersection,1,On Roadway,0,None,1,Daylight,1,Clear,0,No,0000000,Not Applicable,19,7:00pm-7:59pm,20,20,19,7:00pm-7:59pm,25,25,19,7:00pm-7:59pm,55,55,1
27,Minnesota,270314,0,0,3,3,0,3,3,139,SCOTT (139),0,NOT APPLICABLE,10,October,17,17,2,Monday,2022,18,6:00pm-6:59pm,5,5,SR-19,NA,3,State Highway,1,Rural,4,Minor Arterial,1,State Highway Agency,0,This section IS NOT on the NHS,0,No Special Jurisdiction,1552,1552,44.54379444,44.54379444,-93.49759167,-93.49759167,12,Motor Vehicle In-Transport,2,Front-to-Front,0,No,1,Non-Junction,1,Not an Intersection,1,On Roadway,0,None,3,Dark - Lighted,1,Clear,0,No,0000000,Not Applicable,18,6:00pm-6:59pm,5,5,18,6:00pm-6:59pm,25,25,18,6:00pm-6:59pm,40,40,2
27,Minnesota,270315,0,0,1,1,0,1,1,123,RAMSEY (123),6330,ST. PAUL,6,June,27,27,2,Monday,2022,23,11:00pm-11:59pm,59,59,CR-31 E MARYLAND AVE,LORIENT ST,4,County Road,2,Urban,4,Minor Arterial,2,County Highway Agency,0,This section IS NOT on the NHS,0,No Special Jurisdiction,38,38,44.97696389,44.97696389,-93.09099444,-93.09099444,59,Traffic Sign Support,0,The First Harmful Event was Not a Collision with a Motor Vehicle in Transport,0,No,3,Intersection-Related,2,Four-Way Intersection,3,On Median,0,None,3,Dark - Lighted,1,Clear,0,No,0000000,Not Applicable,0,0:00am-0:59am,0,0,0,0:00am-0:59am,1,1,0,0:00am-0:59am,14,14,1
27,Minnesota,270316,0,0,1,1,0,1,1,37,DAKOTA (37),3490,INVER GROVE HEIGHTS,5,May,6,6,6,Friday,2022,18,6:00pm-6:59pm,7,7,SR-3 ROBERT TR S,NA,3,State Highway,2,Urban,4,Minor Arterial,1,State Highway Agency,0,This section IS NOT on the NHS,0,No Special Jurisdiction,380,380,44.80794444,44.80794444,-93.10591667,-93.10591667,1,Rollover/Overturn,0,The First Harmful Event was Not a Collision with a Motor Vehicle in Transport,0,No,1,Non-Junction,1,Not an Intersection,4,On Roadside,0,None,1,Daylight,1,Clear,0,No,0000000,Not Applicable,18,6:00pm-6:59pm,8,8,18,6:00pm-6:59pm,20,20,19,7:00pm-7:59pm,0,0,1
27,Minnesota,270317,0,0,1,1,0,2,2,59,ISANTI (59),1020,CAMBRIDGE,8,August,20,20,7,Saturday,2022,23,11:00pm-11:59pm,40,40,DELLWOOD ST S,NA,6,Local Street - Municipality,2,Urban,5,Major Collector,4,City or Municipal Highway Agency,0,This section IS NOT on the NHS,0,No Special Jurisdiction,7,7,45.56259722,45.56259722,-93.22912778,-93.22912778,42,Tree (Standing Only),0,The First Harmful Event was Not a Collision with a Motor Vehicle in Transport,0,No,1,Non-Junction,1,Not an Intersection,4,On Roadside,0,None,3,Dark - Lighted,1,Clear,0,No,0000000,Not Applicable,99,Unknown,99,Unknown,99,Unknown EMS Scene Arrival Hour,99,Unknown EMS Scene Arrival Minutes,99,Unknown,99,Unknown EMS Hospital Arrival Time,1
27,Minnesota,270318,0,0,1,1,0,2,2,53,HENNEPIN (53),4760,MINNEAPOLIS,10,October,21,21,6,Friday,2022,4,4:00am-4:59am,11,11,I-35W,NA,1,Interstate,2,Urban,1,Interstate,1,State Highway Agency,1,This section IS ON the NHS,0,No Special Jurisdiction,196,196,44.9925,44.9925,-93.23683889,-93.23683889,1,Rollover/Overturn,0,The First Harmful Event was Not a Collision with a Motor Vehicle in Transport,0,No,1,Non-Junction,1,Not an Intersection,4,On Roadside,0,None,3,Dark - Lighted,1,Clear,0,No,0000000,Not Applicable,4,4:00am-4:59am,12,12,4,4:00am-4:59am,17,17,99,Unknown,99,Unknown EMS Hospital Arrival Time,1
27,Minnesota,270319,0,0,1,1,0,1,1,59,ISANTI (59),0,NOT APPLICABLE,8,August,13,13,7,Saturday,2022,16,4:00pm-4:59pm,25,25,CR-5,NA,4,County Road,1,Rural,5,Major Collector,2,County Highway Agency,0,This section IS NOT on the NHS,0,No Special Jurisdiction,1,1,45.53733333,45.53733333,-93.50789444,-93.50789444,11,Live Animal,0,The First Harmful Event was Not a Collision with a Motor Vehicle in Transport,0,No,1,Non-Junction,1,Not an Intersection,1,On Roadway,0,None,1,Daylight,1,Clear,0,No,0000000,Not Applicable,16,4:00pm-4:59pm,25,25,16,4:00pm-4:59pm,30,30,16,4:00pm-4:59pm,50,50,1
27,Minnesota,270320,1,1,1,1,0,1,1,131,RICE (131),5270,NORTHFIELD,8,August,2,2,3,Tuesday,2022,17,5:00pm-5:59pm,51,51,JEFFERSON PKWY,AFTON DR,6,Local Street - Municipality,2,Urban,4,Minor Arterial,4,City or Municipal Highway Agency,0,This section IS NOT on the NHS,0,No Special Jurisdiction,11,11,44.43974722,44.43974722,-93.15736944,-93.15736944,9,Pedalcyclist,0,The First Harmful Event was Not a Collision with a Motor Vehicle in Transport,0,No,3,Intersection-Related,3,T-Intersection,1,On Roadway,0,None,1,Daylight,1,Clear,0,No,0000000,Not Applicable,17,5:00pm-5:59pm,51,51,17,5:00pm-5:59pm,56,56,18,6:00pm-6:59pm,15,15,1
27,Minnesota,270321,0,0,1,1,0,2,2,163,WASHINGTON (163),1517,COTTAGE GROVE,10,October,21,21,6,Friday,2022,1,1:00am-1:59am,7,7,E POINT DOUGLAS RD S,NA,6,Local Street - Municipality,2,Urban,7,Local,4,City or Municipal Highway Agency,0,This section IS NOT on the NHS,0,No Special Jurisdiction,16,16,44.81730556,44.81730556,-92.93580556,-92.93580556,42,Tree (Standing Only),0,The First Harmful Event was Not a Collision with a Motor Vehicle in Transport,0,No,1,Non-Junction,1,Not an Intersection,4,On Roadside,0,None,3,Dark - Lighted,1,Clear,0,No,0000000,Not Applicable,1,1:00am-1:59am,7,7,1,1:00am-1:59am,14,14,1,1:00am-1:59am,45,45,1
27,Minnesota,270322,0,0,1,1,0,4,4,171,WRIGHT (171),0,NOT APPLICABLE,10,October,22,22,7,Saturday,2022,1,1:00am-1:59am,10,10,NEVENS AVE NW,NA,5,Local Street - Township,1,Rural,7,Local,3,Town or Township Highway Agency,0,This section IS NOT on the NHS,0,No Special Jurisdiction,4,4,45.26569722,45.26569722,-94.15583333,-94.15583333,42,Tree (Standing Only),0,The First Harmful Event was Not a Collision with a Motor Vehicle in Transport,0,No,1,Non-Junction,1,Not an Intersection,4,On Roadside,0,None,2,Dark - Not Lighted,1,Clear,0,No,0000000,Not Applicable,1,1:00am-1:59am,12,12,1,1:00am-1:59am,30,30,3,3:00am-3:59am,20,20,1
27,Minnesota,270323,0,0,1,1,0,1,1,81,LINCOLN (81),0,NOT APPLICABLE,10,October,22,22,7,Saturday,2022,7,7:00am-7:59am,33,33,CR-10,NA,4,County Road,1,Rural,6,Minor Collector,2,County Highway Agency,0,This section IS NOT on the NHS,0,No Special Jurisdiction,4,4,44.24068611,44.24068611,-96.44385833,-96.44385833,34,Ditch,0,The First Harmful Event was Not a Collision with a Motor Vehicle in Transport,0,No,1,Non-Junction,1,Not an Intersection,4,On Roadside,0,None,1,Daylight,1,Clear,0,No,0000000,Not Applicable,7,7:00am-7:59am,33,33,7,7:00am-7:59am,52,52,88,Not Applicable (Not Transported),88,Not Applicable (Not Transported),1
27,Minnesota,270324,0,0,1,1,0,1,1,37,DAKOTA (37),956,BURNSVILLE,10,October,23,23,1,Sunday,2022,16,4:00pm-4:59pm,30,30,I-35W,NA,1,Interstate,2,Urban,1,Interstate,1,State Highway Agency,1,This section IS ON the NHS,0,No Special Jurisdiction,18,18,44.75260278,44.75260278,-93.28675,-93.28675,31,"Post, Pole or Other Supports",0,The First Harmful Event was Not a Collision with a Motor Vehicle in Transport,0,No,1,Non-Junction,1,Not an Intersection,4,On Roadside,0,None,1,Daylight,1,Clear,0,No,0000000,Not Applicable,18,6:00pm-6:59pm,30,30,99,Unknown EMS Scene Arrival Hour,99,Unknown EMS Scene Arrival Minutes,88,Not Applicable (Not Transported),88,Not Applicable (Not Transported),1